{"name":"17430a37-bff5-46ce-83e4-60f7f7720f1a","id":"/providers/Microsoft.Flow/flows/17430a37-bff5-46ce-83e4-60f7f7720f1a","type":"Microsoft.Flow/flows","properties":{"apiId":"/providers/Microsoft.PowerApps/apis/shared_logicflows","displayName":"High Transaction Alert","definition":{"metadata":{"workflowEntityId":null,"processAdvisorMetadata":null,"flowChargedByPaygo":null,"flowclientsuspensionreason":"None","flowclientsuspensiontime":null,"flowclientsuspensionreasondetails":null,"creator":{"id":"751aceb9-6ede-4c69-8013-291133bd207e","type":"User","tenantId":"7359f896-71e2-4dae-b8a3-15cdf97f2f10"},"provisioningMethod":"FromDefinition","failureAlertSubscription":true,"clientLastModifiedTime":"2025-06-29T03:55:44.3715592Z","connectionKeySavedTimeKey":"2025-06-29T03:55:44.3715592Z","creationSource":"Portal","modifiedSources":"Portal"},"$schema":"https://schema.management.azure.com/providers/Microsoft.Logic/schemas/2016-06-01/workflowdefinition.json#","contentVersion":"1.0.0.0","parameters":{"$authentication":{"defaultValue":{},"type":"SecureObject"},"$connections":{"defaultValue":{},"type":"Object"}},"triggers":{"When_an_item_is_created":{"recurrence":{"frequency":"Minute","interval":1},"splitOn":"@triggerOutputs()?['body/value']","type":"OpenApiConnection","inputs":{"parameters":{"dataset":"https://adityagroup.sharepoint.com/sites/23A91A1293","table":"1e9b24ae-4c14-4f17-9e1e-c181ff729d25"},"host":{"apiId":"/providers/Microsoft.PowerApps/apis/shared_sharepointonline","connectionName":"shared_sharepointonline","operationId":"GetOnNewItems"},"authentication":"@parameters('$authentication')"}}},"actions":{"Condition":{"actions":{"Send_an_email_(V2)-copy":{"type":"OpenApiConnection","inputs":{"parameters":{"emailMessage/To":"23A91A1293@aec.edu.in","emailMessage/Subject":"Action Required: Verify High-Value Transaction\n","emailMessage/Body":"<p class=\"editor-paragraph\">Dear @{triggerBody()?['UserID']},<br><br>A high-value transaction has been recorded and requires your attention:<br><br>• User ID         : @{triggerBody()?['UserID']}<br>• Transaction Date: @{triggerBody()?['TransactionDate']}<br>• Transaction Amount: ₹@{triggerBody()?['TransactionAmount']}<br>• Card Type       : @{triggerBody()?['CardType/Value']}<br>• City            : @{triggerBody()?['City']}<br><br>This transaction has exceeded the predefined threshold and has been automatically flagged by the monitoring system.</p><br><br><p class=\"editor-paragraph\">**If you did not authorize this transaction, please report it immediately through the official channel or contact the fraud prevention team.**<br><br><br>Best regards,  <br>Credit Card Monitoring System</p><br>","emailMessage/Importance":"Normal"},"host":{"apiId":"/providers/Microsoft.PowerApps/apis/shared_office365","connectionName":"shared_office365","operationId":"SendEmailV2"},"authentication":"@parameters('$authentication')"}}},"runAfter":{},"else":{"actions":{}},"expression":{"and":[{"greater":["@triggerBody()?['TransactionAmount']",5000]}]},"type":"If"}},"outputs":{}},"connectionReferences":{"shared_sharepointonline":{"connectionName":"353eb57eb2104f528d2935e26d910480","source":"Embedded","id":"/providers/Microsoft.PowerApps/apis/shared_sharepointonline","tier":"NotSpecified","apiName":"sharepointonline","isProcessSimpleApiReferenceConversionAlreadyDone":false},"shared_office365":{"connectionName":"shared-office365-660779df-62a9-4c07-8f5f-77606384b715","source":"Embedded","id":"/providers/Microsoft.PowerApps/apis/shared_office365","tier":"NotSpecified","apiName":"office365","isProcessSimpleApiReferenceConversionAlreadyDone":false}},"flowFailureAlertSubscribed":false,"isManaged":false}}