{"name":"e39fb079-3235-4d74-a36e-51867b824343","id":"/providers/Microsoft.Flow/flows/e39fb079-3235-4d74-a36e-51867b824343","type":"Microsoft.Flow/flows","properties":{"apiId":"/providers/Microsoft.PowerApps/apis/shared_logicflows","displayName":"Monthly Credit Card Report","definition":{"metadata":{"workflowEntityId":null,"processAdvisorMetadata":null,"flowChargedByPaygo":null,"flowclientsuspensionreason":"None","flowclientsuspensiontime":null,"flowclientsuspensionreasondetails":null,"creator":{"id":"751aceb9-6ede-4c69-8013-291133bd207e","type":"User","tenantId":"7359f896-71e2-4dae-b8a3-15cdf97f2f10"},"provisioningMethod":"FromDefinition","failureAlertSubscription":true,"clientLastModifiedTime":"2025-06-29T11:06:35.1156449Z","connectionKeySavedTimeKey":"2025-06-29T11:06:35.1156449Z","creationSource":"Portal","modifiedSources":"Portal"},"$schema":"https://schema.management.azure.com/providers/Microsoft.Logic/schemas/2016-06-01/workflowdefinition.json#","contentVersion":"1.0.0.0","parameters":{"$authentication":{"defaultValue":{},"type":"SecureObject"},"$connections":{"defaultValue":{},"type":"Object"}},"triggers":{"Recurrence":{"recurrence":{"interval":1,"frequency":"Month","timeZone":"India Standard Time","startTime":"2025-07-01 8:00 AM"},"type":"Recurrence"}},"actions":{"Get_items":{"runAfter":{},"type":"OpenApiConnection","inputs":{"parameters":{"dataset":"https://adityagroup.sharepoint.com/sites/23A91A1293","table":"1e9b24ae-4c14-4f17-9e1e-c181ff729d25"},"host":{"apiId":"/providers/Microsoft.PowerApps/apis/shared_sharepointonline","connectionName":"shared_sharepointonline","operationId":"GetItems"},"authentication":"@parameters('$authentication')"}},"Apply_to_each":{"foreach":"@outputs('Get_items')?['body/value']","actions":{"Condition":{"actions":{"Send_an_email_(V2)":{"type":"OpenApiConnection","inputs":{"parameters":{"emailMessage/To":"23A91A1293@aec.edu.in","emailMessage/Subject":"Monthly Credit Card Transaction Alert\n","emailMessage/Body":"<p class=\"editor-paragraph\">Hello @{items('Apply_to_each')?['UserID']},<br>You made a transaction of ₹@{items('Apply_to_each')?['TransactionAmount']} on @{items('Apply_to_each')?['TransactionDate']}.<br>- Card Type: @{items('Apply_to_each')?['CardType/Value']}<br>- City: @{items('Apply_to_each')?['City']}<br>If this transaction wasn’t made by you, please report it immediately.<br>Regards,<br>Credit Card Security Team</p><br>","emailMessage/Importance":"Normal"},"host":{"apiId":"/providers/Microsoft.PowerApps/apis/shared_office365","connectionName":"shared_office365","operationId":"SendEmailV2"},"authentication":"@parameters('$authentication')"}}},"else":{"actions":{}},"expression":{"and":[{"equals":["@not(empty(items('Apply_to_each')?['TransactionDate']))\r\n","@formatDateTime(addToTime(utcNow(), -1, 'Month'), 'yyyy-MM')"]}]},"type":"If"}},"runAfter":{"Get_items":["Succeeded"]},"type":"Foreach"}},"outputs":{}},"connectionReferences":{"shared_sharepointonline":{"connectionName":"353eb57eb2104f528d2935e26d910480","source":"Embedded","id":"/providers/Microsoft.PowerApps/apis/shared_sharepointonline","tier":"NotSpecified","apiName":"sharepointonline","isProcessSimpleApiReferenceConversionAlreadyDone":false},"shared_office365":{"connectionName":"shared-office365-660779df-62a9-4c07-8f5f-77606384b715","source":"Embedded","id":"/providers/Microsoft.PowerApps/apis/shared_office365","tier":"NotSpecified","apiName":"office365","isProcessSimpleApiReferenceConversionAlreadyDone":false}},"flowFailureAlertSubscribed":false,"isManaged":false}}